machine_id;component;material_id;material_name;mass_kg;share_percent;production_factor_id;eol_factor_id;recycling_rate
harvester_diesel;machine_body;steel;Steel total;20450;93;steel_heavy_plate_a1a3;steel_eol_credit;0,9
harvester_diesel;tyres;rubber;Rubber/tyres;1032;4,7;;rubber_eol_credit;0,9
harvester_diesel;machine_body;plastics;Plastics;230;1;;plastics_eol_credit;0,9
harvester_diesel;machine_body;aluminium;Aluminium;173;0,8;;aluminium_eol_credit;0,9
harvester_diesel;cabin;glass;Glass;72;0,3;;glass_eol_credit;0,9
harvester_diesel;electrical;copper;Copper;43;0,2;;copper_eol_credit;0,9
forwarder_diesel;machine_body;steel;Steel;9247;82;steel_heavy_plate_a1a3;steel_eol_credit;0,9
forwarder_diesel;machine_body;aluminium;Aluminium;81,5;0,7;;aluminium_eol_credit;0,9
forwarder_diesel;machine_body;plastics;Plastics;345,5;3,1;;plastics_eol_credit;0,9
forwarder_diesel;tyres;rubber;Rubber;1360,5;11,6;;rubber_eol_credit;0,9
forwarder_diesel;electrical;copper;Copper;121,5;1,1;;copper_eol_credit;0,9
forwarder_diesel;machine_body;brass;Brass;96;0,8;;brass_eol_credit;0,9
forwarder_diesel;cabin;glass;Glass;40;0,4;;glass_eol_credit;0,9
forwarder_diesel;battery_or_electrical;lead;Lead;30;0,3;;lead_eol_credit;0,9
forwarder_electric;machine_body;steel;Steel;8103,58;71,574;steel_heavy_plate_a1a3;steel_eol_credit;0,9
forwarder_electric;machine_body;aluminium;Aluminium;71,422;0,631;;aluminium_eol_credit;0,9
forwarder_electric;machine_body;plastics;Plastics;302,778;2,674;;plastics_eol_credit;0,9
forwarder_electric;tyres;rubber;Rubber;1192,27;10,531;;rubber_eol_credit;0,9
forwarder_electric;electrical;copper;Copper;106,476;0,94;;copper_eol_credit;0,9
forwarder_electric;machine_body;brass;Brass;84,129;0,743;;brass_eol_credit;0,9
forwarder_electric;cabin;glass;Glass;35,054;0,31;;glass_eol_credit;0,9
forwarder_electric;battery_or_electrical;lead;Lead;26,29;0,232;;lead_eol_credit;0,9
forwarder_electric;battery;lfp_battery_pack;LFP battery pack;1400;12,365;lfp_battery_prod_energy;li_ion_battery_eol_credit;
harvester_electric;machine_body;steel;Steel total;18812,15625;85,5098011364;steel_heavy_plate_a1a3;steel_eol_credit;0,9
harvester_electric;tyres;rubber;Rubber/tyres;950,721875;4,3214630682;;rubber_eol_credit;0,9
harvester_electric;machine_body;plastics;Plastics;202,28125;0,9194602273;;plastics_eol_credit;0,9
harvester_electric;machine_body;aluminium;Aluminium;161,825;0,7355681818;;aluminium_eol_credit;0,9
harvester_electric;cabin;glass;Glass;60,684375;0,2758380682;;glass_eol_credit;0,9
harvester_electric;electrical;copper;Copper;40,45625;0,1838920455;;copper_eol_credit;0,9
harvester_electric;battery;lfp_battery_pack;LFP battery pack;1771,875;8,0539772727;lfp_battery_prod_energy;li_ion_battery_eol_credit;
rail_rnoos_wagon;wagon_body;steel;Steel/hot-rolled strip proxy;24900;100;steel_hot_rolled_strip_a1a3;steel_eol_credit;0,9
forest_winch;winch;steel;Steel winch body;684;90,1;steel_hot_rolled_strip_a1a3;steel_eol_credit;1
forest_winch;wire_rope;steel;Steel wire rope;75;9,9;steel_hot_rolled_strip_a1a3;steel_eol_credit;1
tractor_electric;body_without_engine;mixed_tractor_body;Tractor body without engine;3469;;tractor_body_production_factor;tractor_eol_recovery_share;
tractor_electric;battery;li_ion_battery_pack;Lithium-ion battery pack;1227,5;;li_ion_battery_prod_mass;li_ion_battery_eol_credit;
tractor_diesel;body;mixed_tractor_body;Conventional tractor body;3600;;tractor_body_production_factor;tractor_eol_recovery_share;
chainsaw_petrol;saw_body;unalloyed_steel;Unalloyed steel;5,4;77,1;;steel_chainsaw_eol_credit;0,9
chainsaw_petrol;chain_and_bar;high_alloy_steel;High-alloy steel;1,6;22,9;;steel_chainsaw_eol_credit;0,9
chainsaw_electric;saw_body;pa6_gf30;PA6 GF30 body proxy;4,1;;pa6_gf30_prod_factor;plastic_recycling_process_emission;
chainsaw_electric;batteries_over_lifetime;li_ion_battery_pack;Lithium-ion battery packs over saw lifetime;3,8;;li_ion_nmc_prod_energy_peiseler;;
chainsaw_electric;charger;charger_mixed;Battery charger;1;;tractor_body_production_factor;;
forest_trailer_loader_crane;trailer_and_crane;steel;Steel share assumption;3469,5;90;semi_trailer_prod_factor;steel_eol_credit;0,85
forest_trailer_loader_crane;trailer_and_crane;other_materials;Other materials;385,5;10;;;
cable_yarder_diesel;machine_body;aluminium_alloy;Aluminium alloy;379;;;aluminium_eol_credit;0,9
cable_yarder_diesel;machine_body;cast_iron;Cast iron;4381;;;steel_eol_credit;0,9
cable_yarder_diesel;machine_body;chromium_steel;Chromium steel;1115;;;steel_eol_credit;0,9
cable_yarder_diesel;electrical;copper;Copper;33;;;copper_eol_credit;0,9
cable_yarder_diesel;electrical;electronics;Electronics;75;;;;
cable_yarder_diesel;cabin;flat_glass;Flat glass;153;;;glass_eol_credit;0,9
cable_yarder_diesel;machine_body;low_alloy_steel_1;Low-alloy steel 1;12001;;;steel_eol_credit;0,9
cable_yarder_diesel;machine_body;low_alloy_steel_2;Low-alloy steel 2;10558;;;steel_eol_credit;0,9
cable_yarder_diesel;tyres;synthetic_rubber;Synthetic rubber;1443;;;rubber_eol_credit;0,9
cable_yarder_diesel;machine_body;polypropylene;Polypropylene;669;;;plastics_eol_credit;0,9
cable_yarder_diesel;battery_or_electrical;lead;Lead;193;;;lead_eol_credit;0,9
cable_yarder_recuperating;battery;supercapacitor_pack;Supercapacitor pack;3;;;;
cable_yarder_electric;battery;lfp_battery_pack;LFP battery pack;2310;;lfp_battery_prod_energy;li_ion_battery_eol_credit;
truck_diesel;machine_body;steel;Steel share assumption;16920;90;steel_heavy_plate_a1a3;steel_eol_credit;0,85
truck_diesel;machine_body;other_materials;Other materials;1880;10;;;
truck_bev;machine_body;steel;Steel share assumption;16920;90;steel_heavy_plate_a1a3;steel_eol_credit;0,85
truck_bev;machine_body;other_materials;Other materials;1880;10;;;
truck_bev;battery;lfp_battery_pack;LFP battery pack;2500;;lfp_battery_prod_energy;li_ion_battery_eol_credit;
truck_trailer;trailer_body;steel;Steel share assumption;14288,4;90;semi_trailer_prod_factor;steel_eol_credit;0,85
truck_trailer;trailer_body;other_materials;Other materials;1587,6;10;;;
intermodal_container;container_body;steel;Steel ACTS timber container proxy;2300;100;steel_heavy_plate_a1a3;steel_eol_credit;0,85
