factor_id;category;module;value;unit;density_kg_l;heating_value_kwh_kg;derived_kgco2e_l;Quelle:
diesel_wtt;fuel;WTT;71;g CO2e/kWh;0,84;11,65;0,695;
diesel_ttw;fuel;TTW;254;g CO2e/kWh;0,84;11,65;2,486;
efuel_wtt_2030_de;fuel;WTT;1,28075;kg CO2e/l;;;1,28075;Labunski et al. (2024), Table A2, p. 13, arithmetic mean of Germany 2030 scenarios 1-8
gasoline_wtt;fuel;WTT;62;g CO2e/kWh;0,74;11,53;0,529;
gasoline_ttw;fuel;TTW;274;g CO2e/kWh;0,74;11,53;2,338;
chainsaw_fuel_mix_wtt_ecoinvent;fuel;WTT;0,783;kg CO2e/l;;;0,783;
chainsaw_fuel_mix_ttw_ecoinvent;fuel;TTW;1,595;kg CO2e/l;;;1,595;
chain_oil_wtt;lubricant;WTT;2,99;kg CO2e/l;0,85;;2,99;
chain_oil_ttw;lubricant;TTW;0;kg CO2e/l;0,85;;0;
electricity_mix;electricity;WTT;0,21;kg CO2e/kWh;;;;
rail_infrastructure;transport;production;15;g CO2e/tkm;;;;
rail_gv_energy_intensity;transport;energy;0,03;kWh/tkm;;;;
rail_gv_ttw;transport;TTW;1,5;g CO2e/tkm;;;;
rail_gv_vehicle_production;transport;production;0,052;g CO2e/tkm;;;;
rail_eol_to_production_ratio;transport_parameter;EOL;0,0538;share;;;;
rail_diesel_share;transport_parameter;operation;0,18;share;;;;
rail_electric_share;transport_parameter;operation;0,82;share;;;;
heavy_truck_wtt_tkm;transport;WTT;27,8;g CO2e/tkm;;;;
heavy_truck_ttw_tkm;transport;TTW;108,3;g CO2e/tkm;;;;
steel_heavy_plate_a1a3;material_production;production;2,43;kg CO2e/kg;;;;
steel_hot_rolled_strip_a1a3;material_production;production;2,17;kg CO2e/kg;;;;voestalpine hot-rolled steel strip
semi_trailer_prod_factor;machine_production;production;1,57;kg CO2e/kg;;;;
li_ion_battery_prod_energy_nick_manganes;battery production;production;74;kg CO2e/kWh;;;;
li_ion_battery_prod_mass;battery_production;production;17,63;kg CO2e/kg battery;;;;
li_ion_battery_prod_energy_lagnelov;battery_production;production;155;kg CO2e/kWh;;;;
ssb_nmc900_prod_energy;battery_production;production;109;kg CO2e/kWh;;;;
lfp_battery_prod_energy;battery_production;production;82,5;kg CO2e/kWh;;;;Lai et al. (2022), Investigating greenhouse gas emissions and environmental impacts from the production of lithium-ion batteries in China, https://doi.org/10.1016/j.jclepro.2022.133756
supercapacitor_cell_prod_gottardo;supercapacitor_production;production;7,22;kg CO2e/cell;;;;Gottardo et al. (2025), Life Cycle Assessment of a Graphene-Based Supercapacitor: Environmental Hotspots and End-of-Life Strategies for Sustainable Energy Storage, https://passive-components.eu/wp-content/uploads/2025/09/2_6_Politecnico-Milano-Conference_Paper_Gottardo.pdf
li_ion_nmc_prod_energy_peiseler;battery_production;production;74;kg CO2e/kWh;;;;
pa6_gf30_prod_factor;material_production;production;5,54;kg CO2e/kg;;;;
steel_eol_credit;material_eol;EOL;-1,5;kg CO2e/kg recycled material;;;;Broadbent (2016), Steel’s recyclability, S.1:https://www.jisf.or.jp/business/lca/reference/pdf/201611_demonstrating%20the%20benefits%20of%20recycling%20steel%20to%20achieve%20a%20circular%20economy.pdf
steel_chainsaw_eol_credit;material_eol;EOL;-1,67;kg CO2e/kg recycled steel;;;;Fraunhofer IMWS/BDSV, Schrottbonus Konkret,, S.4: https://www.bdsv.org/fileadmin/user_upload/Studie_Schrottbonus_gesamt_final.pdf
aluminium_eol_credit;material_eol;EOL;-8,143;kg CO2e/kg recycled material;;;;Turner et al. (2015), Greenhouse gas emission factors for recycling, Tabelle 6, S. 191: https://pdf.sciencedirectassets.com/271808/1-s2.0-S0921344915X00115/1-s2.0-S0921344915301245/main.pdf?X-Amz-Security-Token=IQoJb3JpZ2luX2VjEMX%2F%2F%2F%2F%2F%2F%2F%2F%2F%2FwEaCXVzLWVhc3QtMSJHMEUCIE29%2BLQbj7HG5RtDt3mpuY29xFL0DByB0UFGustzPzI8AiEA48PngTQf3JC8NHp4WCeuX8RWwBqclmNTMDg6SwNTr8squwUIjv%2F%2F%2F%2F%2F%2F%2F%2F%2F%2FARAFGgwwNTkwMDM1NDY4NjUiDKH7q1Ul0AirH5AoUSqPBeteiW495A8GdM0%2Bjeu%2F0thtIggIhW00hus1LcTjpDd1anLtQQBCZoaYf3LgI%2BdNV%2BUj8y0OSmMLxDRt%2BLOpt8cGeHnlidMCrtfhQIoi8AqBuYTbeILocLyUn6WAK25VaTUUCqJ8Zpsk8P4WH9cZLcaNhxzfSu2jPgb6Fm3vHdVstb7oJp9%2Bd6zHj3biyjdUc0L5YozvSA586EllnZVihC0ZFPm3KjyJDNsCvWxnoBrMnH%2B6zB9DcNn5YqRFMolfA37aIZHDCKsHHXyr4Jg85k%2BvUoNx53%2B%2F1X5PUTgvUlf3zyBQCojASNc%2BqsnSPFkpJzjtF0xPTKWBKPFuChsBGDJdePOrFqeiHIhaPUtQiqJKtrKDRN%2FFIkilgcWwL5WKr8I5kJrJljdzfCXw7iWaqSrAP3WnyEZ9Pz5q1oGRE4VrvFC5IjIfdWfdHJi7Mu47%2F5Bm7Rqp4PZb3JwFQ03Gp5zhb9Dkd6CG%2BRbwGd9d6AjNiG21%2FQpx2YteK4yzURVTaIw1lgPi6KyCj142QD9StYoGvgevCbCbfJO77NpChFc29O8azYtdj1oJwCNUliBp4bqThOe2fWakkni4JVAcGX6IB%2FLvmiqM7z%2BpRQxeRbLorAUuJeUQPvkNJ7N6dkaxtQnfOf%2BAO%2FKNIQbAwwNaTiZfghlVhjDgw1F%2F5xICKHn3ZK33VeXaMnNxmwnUEGPDU9CGasz30AZhxALQgdiVdid1OQI%2BOPbnn3foHXxKAl%2Fm7CiKFmrEgfVJEqILxKcBPnQdiYPGEc7z81SjTWCSwoMgr4QeyJ9kiyEZ6uGEguhd3I9ZNRCmOM9XPjB0knqMckW0yim1a3POoth9yKi%2Bu7ywfm1vpQE6ZyTM5JQE4%2B8wm%2Bub1AY6sQHpMNvNyhb8fe0LmhUigqBfAXDFg3vMeQYWVS4V1TK%2FZgDVXKTULqlia07mvDm9uY06orP311zhb0OaSk6%2Bq3nL7gZMae%2Bgfa1LbnrN7Pr5OCw5%2FnDUWyLeuBD1d%2Bk%2F8seNC4pGMnuhid2%2Fpx8gQPtp%2FzffbSnBtu4kCSuxL91b%2FEiXh9urK1AOeIn3RgyWwIHiGLCMlVGL%2F%2B7q2NlDC3jqHExcNVucGpgBxdQY77AbxnM%3D&X-Amz-Algorithm=AWS4-HMAC-SHA256&X-Amz-Date=20260820T131933Z&X-Amz-SignedHeaders=host&X-Amz-Expires=300&X-Amz-Credential=ASIAQ3PHCVTYZYK7IEI2%2F20260820%2Fus-east-1%2Fs3%2Faws4_request&X-Amz-Signature=8442fb84c83aaa02399bde901454506b91566ea0fb2ef21e4742e30d88856737&hash=503b82bf5adfea1a629bbf89c6bd61528f1e4849d5485defdd43297935fd179d&host=68042c943591013ac2b2430a89b270f6af2c76d8dfd086a07176afe7c76c2c61&pii=S0921344915301245&tid=spdf-d5fb35dc-d673-4201-8a01-9f8bc6466684&sid=bf55932420e370413929540068a0d535954dgxrqa&type=client&tsoh=d3d3LnNjaWVuY2VkaXJlY3QuY29t&rh=d3d3LnNjaWVuY2VkaXJlY3QuY29t&ua=1b1501520650045f0450&rr=a2e1b0b7483bbabc&cc=at
plastics_eol_credit;material_eol;EOL;-1,024;kg CO2e/kg recycled material;;;;Turner et al. (2015), Greenhouse gas emission factors for recycling, Tabelle 6, S. 191: https://pdf.sciencedirectassets.com/271808/1-s2.0-S0921344915X00115/1-s2.0-S0921344915301245/main.pdf?X-Amz-Security-Token=IQoJb3JpZ2luX2VjEMX%2F%2F%2F%2F%2F%2F%2F%2F%2F%2FwEaCXVzLWVhc3QtMSJHMEUCIE29%2BLQbj7HG5RtDt3mpuY29xFL0DByB0UFGustzPzI8AiEA48PngTQf3JC8NHp4WCeuX8RWwBqclmNTMDg6SwNTr8squwUIjv%2F%2F%2F%2F%2F%2F%2F%2F%2F%2FARAFGgwwNTkwMDM1NDY4NjUiDKH7q1Ul0AirH5AoUSqPBeteiW495A8GdM0%2Bjeu%2F0thtIggIhW00hus1LcTjpDd1anLtQQBCZoaYf3LgI%2BdNV%2BUj8y0OSmMLxDRt%2BLOpt8cGeHnlidMCrtfhQIoi8AqBuYTbeILocLyUn6WAK25VaTUUCqJ8Zpsk8P4WH9cZLcaNhxzfSu2jPgb6Fm3vHdVstb7oJp9%2Bd6zHj3biyjdUc0L5YozvSA586EllnZVihC0ZFPm3KjyJDNsCvWxnoBrMnH%2B6zB9DcNn5YqRFMolfA37aIZHDCKsHHXyr4Jg85k%2BvUoNx53%2B%2F1X5PUTgvUlf3zyBQCojASNc%2BqsnSPFkpJzjtF0xPTKWBKPFuChsBGDJdePOrFqeiHIhaPUtQiqJKtrKDRN%2FFIkilgcWwL5WKr8I5kJrJljdzfCXw7iWaqSrAP3WnyEZ9Pz5q1oGRE4VrvFC5IjIfdWfdHJi7Mu47%2F5Bm7Rqp4PZb3JwFQ03Gp5zhb9Dkd6CG%2BRbwGd9d6AjNiG21%2FQpx2YteK4yzURVTaIw1lgPi6KyCj142QD9StYoGvgevCbCbfJO77NpChFc29O8azYtdj1oJwCNUliBp4bqThOe2fWakkni4JVAcGX6IB%2FLvmiqM7z%2BpRQxeRbLorAUuJeUQPvkNJ7N6dkaxtQnfOf%2BAO%2FKNIQbAwwNaTiZfghlVhjDgw1F%2F5xICKHn3ZK33VeXaMnNxmwnUEGPDU9CGasz30AZhxALQgdiVdid1OQI%2BOPbnn3foHXxKAl%2Fm7CiKFmrEgfVJEqILxKcBPnQdiYPGEc7z81SjTWCSwoMgr4QeyJ9kiyEZ6uGEguhd3I9ZNRCmOM9XPjB0knqMckW0yim1a3POoth9yKi%2Bu7ywfm1vpQE6ZyTM5JQE4%2B8wm%2Bub1AY6sQHpMNvNyhb8fe0LmhUigqBfAXDFg3vMeQYWVS4V1TK%2FZgDVXKTULqlia07mvDm9uY06orP311zhb0OaSk6%2Bq3nL7gZMae%2Bgfa1LbnrN7Pr5OCw5%2FnDUWyLeuBD1d%2Bk%2F8seNC4pGMnuhid2%2Fpx8gQPtp%2FzffbSnBtu4kCSuxL91b%2FEiXh9urK1AOeIn3RgyWwIHiGLCMlVGL%2F%2B7q2NlDC3jqHExcNVucGpgBxdQY77AbxnM%3D&X-Amz-Algorithm=AWS4-HMAC-SHA256&X-Amz-Date=20260820T131933Z&X-Amz-SignedHeaders=host&X-Amz-Expires=300&X-Amz-Credential=ASIAQ3PHCVTYZYK7IEI2%2F20260820%2Fus-east-1%2Fs3%2Faws4_request&X-Amz-Signature=8442fb84c83aaa02399bde901454506b91566ea0fb2ef21e4742e30d88856737&hash=503b82bf5adfea1a629bbf89c6bd61528f1e4849d5485defdd43297935fd179d&host=68042c943591013ac2b2430a89b270f6af2c76d8dfd086a07176afe7c76c2c61&pii=S0921344915301245&tid=spdf-d5fb35dc-d673-4201-8a01-9f8bc6466684&sid=bf55932420e370413929540068a0d535954dgxrqa&type=client&tsoh=d3d3LnNjaWVuY2VkaXJlY3QuY29t&rh=d3d3LnNjaWVuY2VkaXJlY3QuY29t&ua=1b1501520650045f0450&rr=a2e1b0b7483bbabc&cc=at
rubber_eol_credit;material_eol;EOL;-0,671;kg CO2e/kg recycled material;;;;Turner et al. (2015), Greenhouse gas emission factors for recycling, Tabelle 6, S. 191: https://pdf.sciencedirectassets.com/271808/1-s2.0-S0921344915X00115/1-s2.0-S0921344915301245/main.pdf?X-Amz-Security-Token=IQoJb3JpZ2luX2VjEMX%2F%2F%2F%2F%2F%2F%2F%2F%2F%2FwEaCXVzLWVhc3QtMSJHMEUCIE29%2BLQbj7HG5RtDt3mpuY29xFL0DByB0UFGustzPzI8AiEA48PngTQf3JC8NHp4WCeuX8RWwBqclmNTMDg6SwNTr8squwUIjv%2F%2F%2F%2F%2F%2F%2F%2F%2F%2FARAFGgwwNTkwMDM1NDY4NjUiDKH7q1Ul0AirH5AoUSqPBeteiW495A8GdM0%2Bjeu%2F0thtIggIhW00hus1LcTjpDd1anLtQQBCZoaYf3LgI%2BdNV%2BUj8y0OSmMLxDRt%2BLOpt8cGeHnlidMCrtfhQIoi8AqBuYTbeILocLyUn6WAK25VaTUUCqJ8Zpsk8P4WH9cZLcaNhxzfSu2jPgb6Fm3vHdVstb7oJp9%2Bd6zHj3biyjdUc0L5YozvSA586EllnZVihC0ZFPm3KjyJDNsCvWxnoBrMnH%2B6zB9DcNn5YqRFMolfA37aIZHDCKsHHXyr4Jg85k%2BvUoNx53%2B%2F1X5PUTgvUlf3zyBQCojASNc%2BqsnSPFkpJzjtF0xPTKWBKPFuChsBGDJdePOrFqeiHIhaPUtQiqJKtrKDRN%2FFIkilgcWwL5WKr8I5kJrJljdzfCXw7iWaqSrAP3WnyEZ9Pz5q1oGRE4VrvFC5IjIfdWfdHJi7Mu47%2F5Bm7Rqp4PZb3JwFQ03Gp5zhb9Dkd6CG%2BRbwGd9d6AjNiG21%2FQpx2YteK4yzURVTaIw1lgPi6KyCj142QD9StYoGvgevCbCbfJO77NpChFc29O8azYtdj1oJwCNUliBp4bqThOe2fWakkni4JVAcGX6IB%2FLvmiqM7z%2BpRQxeRbLorAUuJeUQPvkNJ7N6dkaxtQnfOf%2BAO%2FKNIQbAwwNaTiZfghlVhjDgw1F%2F5xICKHn3ZK33VeXaMnNxmwnUEGPDU9CGasz30AZhxALQgdiVdid1OQI%2BOPbnn3foHXxKAl%2Fm7CiKFmrEgfVJEqILxKcBPnQdiYPGEc7z81SjTWCSwoMgr4QeyJ9kiyEZ6uGEguhd3I9ZNRCmOM9XPjB0knqMckW0yim1a3POoth9yKi%2Bu7ywfm1vpQE6ZyTM5JQE4%2B8wm%2Bub1AY6sQHpMNvNyhb8fe0LmhUigqBfAXDFg3vMeQYWVS4V1TK%2FZgDVXKTULqlia07mvDm9uY06orP311zhb0OaSk6%2Bq3nL7gZMae%2Bgfa1LbnrN7Pr5OCw5%2FnDUWyLeuBD1d%2Bk%2F8seNC4pGMnuhid2%2Fpx8gQPtp%2FzffbSnBtu4kCSuxL91b%2FEiXh9urK1AOeIn3RgyWwIHiGLCMlVGL%2F%2B7q2NlDC3jqHExcNVucGpgBxdQY77AbxnM%3D&X-Amz-Algorithm=AWS4-HMAC-SHA256&X-Amz-Date=20260820T131933Z&X-Amz-SignedHeaders=host&X-Amz-Expires=300&X-Amz-Credential=ASIAQ3PHCVTYZYK7IEI2%2F20260820%2Fus-east-1%2Fs3%2Faws4_request&X-Amz-Signature=8442fb84c83aaa02399bde901454506b91566ea0fb2ef21e4742e30d88856737&hash=503b82bf5adfea1a629bbf89c6bd61528f1e4849d5485defdd43297935fd179d&host=68042c943591013ac2b2430a89b270f6af2c76d8dfd086a07176afe7c76c2c61&pii=S0921344915301245&tid=spdf-d5fb35dc-d673-4201-8a01-9f8bc6466684&sid=bf55932420e370413929540068a0d535954dgxrqa&type=client&tsoh=d3d3LnNjaWVuY2VkaXJlY3QuY29t&rh=d3d3LnNjaWVuY2VkaXJlY3QuY29t&ua=1b1501520650045f0450&rr=a2e1b0b7483bbabc&cc=at
glass_eol_credit;material_eol;EOL;-0,314;kg CO2e/kg recycled material;;;;Turner et al. (2015), Greenhouse gas emission factors for recycling, Tabelle 6, S. 191: https://pdf.sciencedirectassets.com/271808/1-s2.0-S0921344915X00115/1-s2.0-S0921344915301245/main.pdf?X-Amz-Security-Token=IQoJb3JpZ2luX2VjEMX%2F%2F%2F%2F%2F%2F%2F%2F%2F%2FwEaCXVzLWVhc3QtMSJHMEUCIE29%2BLQbj7HG5RtDt3mpuY29xFL0DByB0UFGustzPzI8AiEA48PngTQf3JC8NHp4WCeuX8RWwBqclmNTMDg6SwNTr8squwUIjv%2F%2F%2F%2F%2F%2F%2F%2F%2F%2FARAFGgwwNTkwMDM1NDY4NjUiDKH7q1Ul0AirH5AoUSqPBeteiW495A8GdM0%2Bjeu%2F0thtIggIhW00hus1LcTjpDd1anLtQQBCZoaYf3LgI%2BdNV%2BUj8y0OSmMLxDRt%2BLOpt8cGeHnlidMCrtfhQIoi8AqBuYTbeILocLyUn6WAK25VaTUUCqJ8Zpsk8P4WH9cZLcaNhxzfSu2jPgb6Fm3vHdVstb7oJp9%2Bd6zHj3biyjdUc0L5YozvSA586EllnZVihC0ZFPm3KjyJDNsCvWxnoBrMnH%2B6zB9DcNn5YqRFMolfA37aIZHDCKsHHXyr4Jg85k%2BvUoNx53%2B%2F1X5PUTgvUlf3zyBQCojASNc%2BqsnSPFkpJzjtF0xPTKWBKPFuChsBGDJdePOrFqeiHIhaPUtQiqJKtrKDRN%2FFIkilgcWwL5WKr8I5kJrJljdzfCXw7iWaqSrAP3WnyEZ9Pz5q1oGRE4VrvFC5IjIfdWfdHJi7Mu47%2F5Bm7Rqp4PZb3JwFQ03Gp5zhb9Dkd6CG%2BRbwGd9d6AjNiG21%2FQpx2YteK4yzURVTaIw1lgPi6KyCj142QD9StYoGvgevCbCbfJO77NpChFc29O8azYtdj1oJwCNUliBp4bqThOe2fWakkni4JVAcGX6IB%2FLvmiqM7z%2BpRQxeRbLorAUuJeUQPvkNJ7N6dkaxtQnfOf%2BAO%2FKNIQbAwwNaTiZfghlVhjDgw1F%2F5xICKHn3ZK33VeXaMnNxmwnUEGPDU9CGasz30AZhxALQgdiVdid1OQI%2BOPbnn3foHXxKAl%2Fm7CiKFmrEgfVJEqILxKcBPnQdiYPGEc7z81SjTWCSwoMgr4QeyJ9kiyEZ6uGEguhd3I9ZNRCmOM9XPjB0knqMckW0yim1a3POoth9yKi%2Bu7ywfm1vpQE6ZyTM5JQE4%2B8wm%2Bub1AY6sQHpMNvNyhb8fe0LmhUigqBfAXDFg3vMeQYWVS4V1TK%2FZgDVXKTULqlia07mvDm9uY06orP311zhb0OaSk6%2Bq3nL7gZMae%2Bgfa1LbnrN7Pr5OCw5%2FnDUWyLeuBD1d%2Bk%2F8seNC4pGMnuhid2%2Fpx8gQPtp%2FzffbSnBtu4kCSuxL91b%2FEiXh9urK1AOeIn3RgyWwIHiGLCMlVGL%2F%2B7q2NlDC3jqHExcNVucGpgBxdQY77AbxnM%3D&X-Amz-Algorithm=AWS4-HMAC-SHA256&X-Amz-Date=20260820T131933Z&X-Amz-SignedHeaders=host&X-Amz-Expires=300&X-Amz-Credential=ASIAQ3PHCVTYZYK7IEI2%2F20260820%2Fus-east-1%2Fs3%2Faws4_request&X-Amz-Signature=8442fb84c83aaa02399bde901454506b91566ea0fb2ef21e4742e30d88856737&hash=503b82bf5adfea1a629bbf89c6bd61528f1e4849d5485defdd43297935fd179d&host=68042c943591013ac2b2430a89b270f6af2c76d8dfd086a07176afe7c76c2c61&pii=S0921344915301245&tid=spdf-d5fb35dc-d673-4201-8a01-9f8bc6466684&sid=bf55932420e370413929540068a0d535954dgxrqa&type=client&tsoh=d3d3LnNjaWVuY2VkaXJlY3QuY29t&rh=d3d3LnNjaWVuY2VkaXJlY3QuY29t&ua=1b1501520650045f0450&rr=a2e1b0b7483bbabc&cc=at
copper_eol_credit;material_eol;EOL;-2,97;kg CO2e/kg recycled material;;;;"calculated from S 16: Hammond GP, Jones CI. Embodied energy and carbon in construction materials. Proc Inst Civ Eng Energy. 2008;161(2):87–98."
brass_eol_credit;material_eol;EOL;-1,5;kg CO2e/kg recycled material;;;;ENVIRONMENTAL PRODUCT DECLARATION of EPD HUB, HUB-1141
lead_eol_credit;material_eol;EOL;-2,79;kg CO2e/kg recycled material;;;;"calculated from S 17: Hammond GP, Jones CI. Embodied energy and carbon in construction materials. Proc Inst Civ Eng Energy. 2008;161(2):87–98."
li_ion_battery_eol_credit;battery_eol;EOL;-4,5;kg CO2e/kg battery pack;;;;Zackrisson (2023), Scope-lib: S. 28, Tabelle 3,
supercapacitor_cell_eol_credit_gottardo;supercapacitor_eol;EOL;-1,97;kg CO2e/cell;;;;Gottardo et al. (2025), Life Cycle Assessment of a Graphene-Based Supercapacitor: Environmental Hotspots and End-of-Life Strategies for Sustainable Energy Storage, https://passive-components.eu/wp-content/uploads/2025/09/2_6_Politecnico-Milano-Conference_Paper_Gottardo.pdf
chainsaw_battery_recycling_credit;battery_eol;EOL;-25,5;kg CO2e/kWh battery capacity;;;;"Stegemann et. Al, S.68:Environmental Impacts of Pyro- and Hydrometallurgical Recycling
for Lithium-Ion Batteries - A Review"
ssb_recycling_process_direct_emissions;battery_eol;EOL;0,6458;kg GHG/kg spent battery;;;;Tan et. al (2020), Sustainable Design of Fully Recyclable All-Solid-State Batteries, S. 11, Tabelle 2
tractor_eol_recovery_share;machine_eol;EOL;-0,23;share of production emissions;;;;Martelli et al. (2023), PDF-S. 13, Abschnitt 3.4 und Abb. 12:
plastic_recycling_process_emission;material_eol;EOL;0,32;kg CO2e/kg plastic;;;;ETC/WMGE Report 3/2021, gedruckte S. 25, Tabelle 2-8, Zeile „Recycling“: 0,32 kg CO₂e/kg Kunststoff.
av_eol_shredding;component_eol;EOL;0,076;kg CO2e/kg;;;;Gawron et al. (2018), end-of-life shredding burden, p. 4
av_battery_efficiency;operation;use;0,9;share;;;;Gawron et al. (2018), BEV battery discharge-charge efficiency, p. 3
av_icev_onboard_electric_efficiency;operation;use;0,2;share;;;;Gawron et al. (2018), ICEV alternator electricity conversion efficiency, p. 3
